Workbook

Sheet caso 1 (2)
A1: time | B1: water | C1: steam | D1: total | E1: % agua
A2: 1.1574e-05 | B2: -129379.09 | C2: 0 | D2: =B2+C2 -> -129379.09 | E2: =B2/D2 -> 1
A3: 3.4722e-05 | B3: -92709.007 | C3: 0 | D3: =B3+C3 -> -92709.007 | E3: =B3/D3 -> 1
A4: 8.1018e-05 | B4: -84229.757 | C4: -486.87835 | D4: =B4+C4 -> -84716.635 | E4: =B4/D4 -> 0.99425286
A5: 0.00017361 | B5: -77585.687 | C5: -1936.225 | D5: =B5+C5 -> -79521.912 | E5: =B5/D5 -> 0.97565168
A6: 0.000358794 | B6: -67824.828 | C6: -4455.4761 | D6: =B6+C6 -> -72280.304 | E6: =B6/D6 -> 0.93835837
A7: 0.000729162 | B7: -59309.911 | C7: -7448.2098 | D7: =B7+C7 -> -66758.121 | E7: =B7/D7 -> 0.88842991
A8: 0.001469898 | B8: -52289.455 | C8: -13894.368 | D8: =B8+C8 -> -66183.824 | E8: =B8/D8 -> 0.79006398
A9: 0.00295137 | B9: -41232.217 | C9: -24421.317 | D9: =B9+C9 -> -65653.534 | E9: =B9/D9 -> 0.62802738
A10: 0.005914314 | B10: -26834.692 | C10: -37720.544 | D10: =B10+C10 -> -64555.236 | E10: =B10/D10 -> 0.41568576
A11: 0.011840202 | B11: -13596.831 | C11: -48784.709 | D11: =B11+C11 -> -62381.54 | E11: =B11/D11 -> 0.21796242
A12: 0.023691978 | B12: -7352.512 | C12: -51306.214 | D12: =B12+C12 -> -58658.726 | E12: =B12/D12 -> 0.12534387
A13: 0.04739553 | B13: -4382.2041 | C13: -48652.407 | D13: =B13+C13 -> -53034.611 | E13: =B13/D13 -> 0.082629136
... A34: 500 | B34: -882.59591 | C34: -749.35091 | D34: =B34+C34 -> -1631.9468 | E34: =B34/D34 -> 0.54082394

Sheet caso 2 (2)
A1: time | B1: water | C1: steam | D1: total | E1: % agua
A2: 1.1574e-05 | B2: -129034.53 | C2: 0 | D2: =B2+C2 -> -129034.53 | E2: =B2/D2 -> 1
A3: 3.4722e-05 | B3: -92494.535 | C3: 0 | D3: =B3+C3 -> -92494.535 | E3: =B3/D3 -> 1
A4: 8.1018e-05 | B4: -83222.839 | C4: -5.8549715 | D4: =B4+C4 -> -83228.694 | E4: =B4/D4 -> 0.99992965
A5: 0.00017361 | B5: -74684.983 | C5: -23.209903 | D5: =B5+C5 -> -74708.193 | E5: =B5/D5 -> 0.99968933
A6: 0.000358794 | B6: -62225.559 | C6: -51.610637 | D6: =B6+C6 -> -62277.169 | E6: =B6/D6 -> 0.99917128
A7: 0.000729162 | B7: -50661.822 | C7: -82.950819 | D7: =B7+C7 -> -50744.773 | E7: =B7/D7 -> 0.99836533
A8: 0.001469898 | B8: -40288.487 | C8: -465.14565 | D8: =B8+C8 -> -40753.633 | E8: =B8/D8 -> 0.9885864
A9: 0.00295137 | B9: -28577.995 | C9: -1193.5738 | D9: =B9+C9 -> -29771.569 | E9: =B9/D9 -> 0.95990894
A10: 0.005914314 | B10: -18190.796 | C10: -3148.1115 | D10: =B10+C10 -> -21338.908 | E10: =B10/D10 -> 0.85247082
A11: 0.011840202 | B11: -10656.295 | C11: -6423.2203 | D11: =B11+C11 -> -17079.515 | E11: =B11/D11 -> 0.62392256
A12: 0.023691978 | B12: -6052.6585 | C12: -10608.34 | D12: =B12+C12 -> -16660.999 | E12: =B12/D12 -> 0.36328305
A13: 0.04739553 | B13: -3818.4454 | C13: -14053.053 | D13: =B13+C13 -> -17871.499 | E13: =B13/D13 -> 0.21366118
... A34: 500 | B34: -806.65971 | C34: -527.73388 | D34: =B34+C34 -> -1334.3936 | E34: =B34/D34 -> 0.60451408

Sheet Hoja2
T1: 1 | U1: ='caso 2 (2)'!D18/'caso 1 (2)'!D18 -> 0.56102979
T2: 1 | U2: ='caso 2 (2)'!D19/'caso 1 (2)'!D19 -> 0.52855756
T3: 1 | U3: ='caso 2 (2)'!D20/'caso 1 (2)'!D20 -> 0.509084
T4: 1 | U4: ='caso 2 (2)'!D21/'caso 1 (2)'!D21 -> 0.50361035
T5: 1 | U5: ='caso 2 (2)'!D22/'caso 1 (2)'!D22 -> 0.51835366
T6: 1 | U6: ='caso 2 (2)'!D23/'caso 1 (2)'!D23 -> 0.55574348
T7: 1 | U7: ='caso 2 (2)'!D24/'caso 1 (2)'!D24 -> 0.55877024
T8: 1 | U8: ='caso 2 (2)'!D25/'caso 1 (2)'!D25 -> 0.61758309
T9: 1 | U9: ='caso 2 (2)'!D26/'caso 1 (2)'!D26 -> 0.6202591
T10: 1 | U10: ='caso 2 (2)'!D27/'caso 1 (2)'!D27 -> 0.66904461
T11: 1 | U11: ='caso 2 (2)'!D28/'caso 1 (2)'!D28 -> 0.70704584
T12: 1 | U12: ='caso 2 (2)'!D29/'caso 1 (2)'!D29 -> 0.73683611
... T17: 1 | U17: ='caso 2 (2)'!D34/'caso 1 (2)'!D34 -> 0.81766977

Sheet Hoja1
A1: n=1 | B1: n=3
